LLM,Benchmark prompt,Execution time (s),CPU Energy (J),RAM Energy (J),GPU Energy (J),CPU Power (W),RAM Power (W),GPU Power (W),CO2 emissions (Kg),CO2 emissions rate (Kg/s),HumanEval pass@1
llama-2-7b.Q2_K,HumanEval/0,43.1244797706604,970.2873301506041,240.1491871814669,254.4482035584,22.5,5.794223785400391,25.3798468122728,8.913538687922788e-05,2.0669324558407973e-06,0.042682926829268296
llama-2-7b.Q2_K,HumanEval/1,18.811684131622314,423.25675070285797,99.46735681695735,-254.390203512,22.5,5.794223785400391,26.56079356878511,1.6327596298506657e-05,8.679497372093377e-07,0.042682926829268296
llama-2-7b.Q2_K,HumanEval/2,11.10388994216919,249.8347824811935,64.33032929430829,69.32805546240002,22.5,5.794223785400391,6.244188067557709,2.3334813545267808e-05,2.101498994208264e-06,0.042682926829268296
llama-2-7b.Q2_K,HumanEval/3,42.042001485824585,945.9316438436507,224.506839664542,-339.0822712656,22.5,5.794223785400391,29.467369297122428,5.0586408988993524e-05,1.203235031663511e-06,0.042682926829268296
llama-2-7b.Q2_K,HumanEval/4,12.576448917388916,282.966747879982,72.86244864618675,124.58409966719996,22.5,5.794223785400391,9.906988391960033,2.923221493640166e-05,2.3243616006727887e-06,0.042682926829268296
llama-2-7b.Q2_K,HumanEval/5,23.95653462409973,539.0128934383392,129.21491314751077,-143.74311499439995,22.5,5.794223785400391,26.952234380525745,3.191387365199497e-05,1.3321573488300072e-06,0.042682926829268296
llama-2-7b.Q2_K,HumanEval/6,35.593040227890015,800.8308041095735,196.55923058124336,22.869018295200036,22.5,5.794223785400391,3.4990281175175784,6.208077953715166e-05,1.744183108261327e-06,0.042682926829268296
llama-2-7b.Q2_K,HumanEval/7,11.670936822891235,262.5932139158249,58.17402592469625,-357.6742861392,22.5,5.794223785400391,35.62380983654215,-2.245722003573468e-06,-1.9242002914185396e-07,0.042682926829268296
llama-2-7b.Q2_K,HumanEval/8,15.31404423713684,344.56297516822815,79.24029386737675,-197.2021577616,22.5,5.794223785400391,14.419444802063163,1.3788237007751274e-05,9.003654941987528e-07,0.042682926829268296
llama-2-7b.Q2_K,HumanEval/9,29.884276151657104,672.3873996734618,163.51136389661224,106.84608547680001,22.5,5.794223785400391,23.15080315254401,5.736419094951803e-05,1.9195442666372613e-06,0.042682926829268296
llama-2-7b.Q2_K,HumanEval/10,60.86620473861694,1369.4660836458204,333.4000024753159,-15.86701269359996,22.5,5.794223785400391,3.387641620965657,0.00010265061334208948,1.686496041323933e-06,0.042682926829268296
llama-2-7b.Q2_K,HumanEval/11,26.832953214645386,603.7323760986328,145.9112038648991,-52.29604183680001,22.5,5.794223785400391,28.124714055539236,4.2432241741465275e-05,1.5813481804271107e-06,0.042682926829268296
llama-2-7b.Q2_K,HumanEval/12,28.904898405075073,650.3530526161193,158.01454708549502,-29.81002384799996,22.5,5.794223785400391,24.74402575963268,4.737371462873939e-05,1.6389510858969702e-06,0.042682926829268296
llama-2-7b.Q2_K,HumanEval/13,16.145835161209106,363.27623248100286,84.03837020114588,-327.120261696,22.5,5.794223785400391,22.553487567186707,7.313591937788565e-06,4.5297080422075083e-07,0.042682926829268296
llama-2-7b.Q2_K,HumanEval/14,11.771291494369507,264.8512852191925,68.19758973831176,130.08210406559994,22.5,5.794223785400391,11.051766592055527,2.818061954109668e-05,2.394012547780008e-06,0.042682926829268296
llama-2-7b.Q2_K,HumanEval/15,13.753609895706177,309.4517970085144,70.18399413620773,-355.0742840592,22.5,5.794223785400391,29.31331081954869,1.4945199476680215e-06,1.0866383145959409e-07,0.042682926829268296
llama-2-7b.Q2_K,HumanEval/16,19.85326862335205,446.69012725353247,105.45305103723332,-109.69608775680001,22.5,5.794223785400391,27.83549714517917,2.6922045145204667e-05,1.3560510189006406e-06,0.042682926829268296
llama-2-7b.Q2_K,HumanEval/17,24.056776762008667,541.2696987390518,129.7003645591767,-84.05106724079997,22.5,5.794223785400391,28.343670171509093,3.57128796787133e-05,1.4845247155101998e-06,0.042682926829268296
llama-2-7b.Q2_K,HumanEval/18,15.684691905975342,352.9008257389068,81.35506679955415,-324.97425997920004,22.5,5.794223785400391,23.144607565268362,6.649574849167717e-06,4.2395316969117204e-07,0.042682926829268296
llama-2-7b.Q2_K,HumanEval/19,63.79780864715576,1435.4269731044767,350.3265851523947,122.96009836799999,22.5,5.794223785400391,3.178969615628094,0.00011614151461795776,1.8204624434719606e-06,0.042682926829268296
llama-2-7b.Q2_K,HumanEval/20,26.43924856185913,594.8755019903183,143.5621424364399,-73.3190586552,22.5,5.794223785400391,27.713549967959683,4.047117265806032e-05,1.5307232565014512e-06,0.042682926829268296
llama-2-7b.Q2_K,HumanEval/21,17.995657682418823,404.89297986030573,94.75880400799453,-286.5162292128,22.5,5.794223785400391,28.158887478596355,1.2968884070542027e-05,7.206674131844711e-07,0.042682926829268296
llama-2-7b.Q2_K,HumanEval/22,10.327924489974976,232.3755973577499,59.83439002168325,92.76707421359997,22.5,5.794223785400391,8.983065359547755,2.3425105631427413e-05,2.2681329297251837e-06,0.042682926829268296
llama-2-7b.Q2_K,HumanEval/23,17.56356906890869,395.1716083288193,92.21652322819773,-335.4992683992,22.5,5.794223785400391,26.88472723669012,9.242141983697022e-06,5.262109282820886e-07,0.042682926829268296
llama-2-7b.Q2_K,HumanEval/24,21.788007020950317,490.2226155996322,116.64707235797867,-90.33707226959999,22.5,5.794223785400391,27.256581888810782,3.1430005295640515e-05,1.4425369546383435e-06,0.042682926829268296
llama-2-7b.Q2_K,HumanEval/25,26.783203601837158,602.6128488779068,145.49075384840492,-22.745018196,22.5,5.794223785400391,27.988514823582964,4.413665944919955e-05,1.6479230828896082e-06,0.042682926829268296
llama-2-7b.Q2_K,HumanEval/26,13.022262811660767,292.99808084964747,75.44819400627148,-254.74920379920002,22.5,5.794223785400391,19.563591592330205,6.9182456961631824e-06,5.31262945328384e-07,0.042682926829268296
llama-2-7b.Q2_K,HumanEval/27,41.034127712249756,923.2547897100447,218.61904746697292,-281.8752255,22.5,5.794223785400391,33.83337117608526,5.232924330102382e-05,1.2752615010603033e-06,0.042682926829268296
llama-2-7b.Q2_K,HumanEval/28,6.315082788467407,142.08602070808408,36.58293660964592,111.6560893248,22.5,5.794223785400391,17.68377669799226,1.7665714567273924e-05,2.7973844776089112e-06,0.042682926829268296
llama-2-7b.Q2_K,HumanEval/29,11.883048057556152,267.3658937215805,59.29788848447424,-339.26827141440003,22.5,5.794223785400391,33.15012788631216,-7.669586595987957e-07,-6.454225009307311e-08,0.042682926829268296
llama-2-7b.Q2_K,HumanEval/30,60.14856290817261,1353.3178442716596,337.120460308206,118.09009447199996,22.5,5.794223785400391,3.8283952096478195,0.00011004543649930788,1.8295605277770586e-06,0.042682926829268296
llama-2-7b.Q2_K,HumanEval/31,76.64127111434937,1724.3990367650983,503.56127585610915,-343.7412749928,22.5,5.794223785400391,0.0,0.00011465106468044878,1.4959441957765616e-06,0.042682926829268296
llama-2-7b.Q2_K,HumanEval/32,41.528695821762085,934.3813651800155,221.57066034881976,-201.54516123599998,22.5,5.794223785400391,32.70358717816381,5.8073801901094e-05,1.3984017738082172e-06,0.042682926829268296
llama-2-7b.Q2_K,HumanEval/33,28.114773511886597,632.573869228363,153.41642881909954,106.98608558879995,22.5,5.794223785400391,27.111940300039734,5.433587660129839e-05,1.932645005243447e-06,0.042682926829268296
llama-2-7b.Q2_K,HumanEval/34,19.566861867904663,440.2462434768676,113.35138986341735,-44.86703589360003,22.5,5.794223785400391,28.009546375632546,3.0955267656246855e-05,1.582025153814904e-06,0.042682926829268296
llama-2-7b.Q2_K,HumanEval/35,52.03224229812622,1170.70494890213,282.28595168712036,-174.67213973759996,22.5,5.794223785400391,28.315053785276216,7.778321097801015e-05,1.4949040737537324e-06,0.042682926829268296
llama-2-7b.Q2_K,HumanEval/36,20.57239079475403,462.8711539506912,109.66015799946126,-208.39316671440002,22.5,5.794223785400391,27.26860208737932,2.215709809120202e-05,1.0770307793711605e-06,0.042682926829268296
llama-2-7b.Q2_K,HumanEval/37,76.03129482269287,1710.6772899627683,411.627923753742,-301.72324137839996,22.5,5.794223785400391,21.66723355450453,0.00011077887299627225,1.457016788345006e-06,0.042682926829268296
llama-2-7b.Q2_K,HumanEval/38,44.07254648208618,991.6187614202499,254.7476747058718,-19.521015616799982,22.5,5.794223785400391,9.738495719728634,7.465115830523012e-05,1.693824484037313e-06,0.042682926829268296
llama-2-7b.Q2_K,HumanEval/39,65.60727262496948,1476.140014529228,360.95580453890034,21.797017437599987,22.5,5.794223785400391,3.8947603497323455,0.00011311001458752481,1.7240468939182247e-06,0.042682926829268296
llama-2-7b.Q2_K,HumanEval/40,70.95493626594543,1596.4629346132278,392.05612703106726,-372.60729808559995,22.5,5.794223785400391,33.54404516212599,9.832508876189525e-05,1.385739934898455e-06,0.042682926829268296
llama-2-7b.Q2_K,HumanEval/41,16.64986777305603,374.6153247356415,178.14721551544702,-205.27016421599998,22.5,5.794223785400391,0.0,2.1144235402115064e-05,1.269934133430905e-06,0.042682926829268296
llama-2-7b.Q2_K,HumanEval/42,20.45756196975708,460.2874195575714,108.90465371688062,-99.99607999680002,22.5,5.794223785400391,28.37278800576256,2.854966386540264e-05,1.3955555362661647e-06,0.042682926829268296
llama-2-7b.Q2_K,HumanEval/43,23.38570213317871,526.171093583107,125.69949435730814,-126.63910131119995,22.5,5.794223785400391,27.729415572618514,3.195931467794152e-05,1.3666177092283624e-06,0.042682926829268296
llama-2-7b.Q2_K,HumanEval/44,44.56055808067322,1002.6005405187606,248.533608742242,3.891003112800026,22.5,5.794223785400391,24.624412928081746,7.636584019526073e-05,1.7137541243762402e-06,0.042682926829268296
llama-2-7b.Q2_K,HumanEval/45,37.12883424758911,835.387419462204,205.34393436117537,-3.448002758400017,22.5,5.794223785400391,3.5306242525022538,6.311667497245469e-05,1.6999368887148147e-06,0.042682926829268296
llama-2-7b.Q2_K,HumanEval/46,45.68377900123596,1027.8717398643491,245.60371088240666,-367.42429393919997,22.5,5.794223785400391,22.97993388233277,5.513145112560155e-05,1.2068058363584584e-06,0.042682926829268296
llama-2-7b.Q2_K,HumanEval/47,45.65182662010193,1027.1533960103989,245.3897891123488,-201.4591611672,22.5,5.794223785400391,22.69029074299362,6.517338019431517e-05,1.4276182361039917e-06,0.042682926829268296
llama-2-7b.Q2_K,HumanEval/48,18.073843002319336,406.6525465250015,103.58682455300004,-123.24009859200001,22.5,5.794223785400391,27.774956930114527,2.3548153232187805e-05,1.3028857907621513e-06,0.042682926829268296
llama-2-7b.Q2_K,HumanEval/49,76.6537663936615,1724.6823048591611,515.4454395056564,-279.645223716,22.5,5.794223785400391,0.0,0.00011929154933213481,1.556238590019225e-06,0.042682926829268296
llama-2-7b.Q2_K,HumanEval/50,15.305456399917603,344.3699634075165,79.26522214348824,-206.6821653456,22.5,5.794223785400391,15.107862183929232,1.3201169426404033e-05,8.625139349960908e-07,0.042682926829268296
llama-2-7b.Q2_K,HumanEval/51,54.96451997756958,1236.6832941770554,299.35340088207613,29.201023360800015,22.5,5.794223785400391,28.414204612159804,9.524167164806702e-05,1.7327845615123012e-06,0.042682926829268296
llama-2-7b.Q2_K,HumanEval/52,10.057157278060913,226.28319025039673,58.26543236667295,38.06703045360001,22.5,5.794223785400391,3.785464733910745,1.9630535181135946e-05,1.951897006121082e-06,0.042682926829268296
llama-2-7b.Q2_K,HumanEval/53,39.47667622566223,888.2122653722761,219.17160836742914,-394.5563156448,22.5,5.794223785400391,43.79324456984401,4.3374170856489806e-05,1.0987290472112737e-06,0.042682926829268296
llama-2-7b.Q2_K,HumanEval/54,40.41113495826721,909.2364227771758,214.91365849724843,-205.28516422800004,22.5,5.794223785400391,36.26372904564386,5.591114352049176e-05,1.3835578629066342e-06,0.042682926829268296
llama-2-7b.Q2_K,HumanEval/55,62.79436945915222,1412.8508412837982,352.5274721892929,-176.66614133280004,22.5,5.794223785400391,26.795997960874857,9.667004651217978e-05,1.5394699770823196e-06,0.042682926829268296
llama-2-7b.Q2_K,HumanEval/56,40.12241053581238,902.7383154630662,213.38074703279383,-235.33518826800002,22.5,5.794223785400391,37.33761066322479,5.359398611145427e-05,1.3357618696318722e-06,0.042682926829268296
llama-2-7b.Q2_K,HumanEval/57,30.770049333572388,692.3131871223449,168.72307002525395,116.3380930704,22.5,5.794223785400391,3.6750337168629614,5.947132876063982e-05,1.932766766667229e-06,0.042682926829268296
llama-2-7b.Q2_K,HumanEval/58,46.686800718307495,1050.4364722967146,354.0308855390449,-351.55028124,22.5,5.794223785400391,0.0,6.406795677209191e-05,1.372292720562638e-06,0.042682926829268296
llama-2-7b.Q2_K,HumanEval/59,46.808703660964966,1053.1779366731641,261.5372295055977,7.034005627200014,22.5,5.794223785400391,29.570064085691616,8.042586703655872e-05,1.7181818923908378e-06,0.042682926829268296
llama-2-7b.Q2_K,HumanEval/60,22.81358551979065,513.2969033718109,122.6284799370369,-149.2161193728,22.5,5.794223785400391,27.848773590293508,2.961531233138419e-05,1.2981437006336895e-06,0.042682926829268296
llama-2-7b.Q2_K,HumanEval/61,29.44027042388916,662.3986065387726,160.96329207589224,-6.234004987199968,22.5,5.794223785400391,24.421879359732703,4.972064346743807e-05,1.688865039333759e-06,0.042682926829268296
llama-2-7b.Q2_K,HumanEval/62,45.079737186431885,1014.2799031734467,242.13078136836702,-336.66626933279997,22.5,5.794223785400391,24.02134449199846,5.596465927355002e-05,1.241459306696985e-06,0.042682926829268296
llama-2-7b.Q2_K,HumanEval/63,73.05049991607666,1643.6107617616653,394.54506862167364,-210.68216854559998,22.5,5.794223785400391,27.785622109523178,0.00011119821890181729,1.5222102385276796e-06,0.042682926829268296
llama-2-7b.Q2_K,HumanEval/64,73.20438504219055,1647.0761328935623,404.9001943942539,-89.8110718488,22.5,5.794223785400391,15.744459488546594,0.00011939394047213412,1.630967057551576e-06,0.042682926829268296
llama-2-7b.Q2_K,HumanEval/65,39.84241962432861,896.445295214653,230.83269122942787,-247.4211979368,22.5,5.794223785400391,30.017812133993157,5.3537574748023716e-05,1.3437330175432558e-06,0.042682926829268296
llama-2-7b.Q2_K,HumanEval/66,14.248453378677368,320.5845201015472,73.0597667614602,-271.88121750479996,22.5,5.794223785400391,21.561779599086822,7.409046008923167e-06,5.199894902285122e-07,0.042682926829268296
llama-2-7b.Q2_K,HumanEval/67,49.20619988441467,1107.1213442087171,265.98546038168575,-133.7691070152,22.5,5.794223785400391,27.369593492278593,7.541128907415026e-05,1.5325566544722277e-06,0.042682926829268296
llama-2-7b.Q2_K,HumanEval/68,43.14362406730652,970.7189458608627,240.46267424075634,-275.0292200232,22.5,5.794223785400391,28.869262481358525,5.696305324843831e-05,1.3203122009308419e-06,0.042682926829268296
llama-2-7b.Q2_K,HumanEval/69,28.927326679229736,650.8568251132966,157.9467689746134,106.06808485439997,22.5,5.794223785400391,25.632474199499516,5.5668162746486057e-05,1.9244143561477684e-06,0.042682926829268296
llama-2-7b.Q2_K,HumanEval/70,75.99052691459656,1709.762211441994,421.2175476857356,-340.185272148,22.5,5.794223785400391,11.413821727004782,0.00010896636243232515,1.4339466622568511e-06,0.042682926829268296
llama-2-7b.Q2_K,HumanEval/71,28.050803661346436,631.1352610588074,152.92189298827546,110.66508853199994,22.5,5.794223785400391,27.75574395170423,5.4442108723243284e-05,1.940839534599989e-06,0.042682926829268296
llama-2-7b.Q2_K,HumanEval/72,49.59005308151245,1115.7581055164335,268.0772114395823,-265.19921215920004,22.5,5.794223785400391,27.724552099723553,6.806683185112692e-05,1.3725904212936353e-06,0.042682926829268296
llama-2-7b.Q2_K,HumanEval/73,47.87435030937195,1077.156177163124,258.1644164795798,-256.6842053472,22.5,5.794223785400391,26.92248540398716,6.56329268792486e-05,1.3709413591018532e-06,0.042682926829268296
llama-2-7b.Q2_K,HumanEval/74,28.437928676605225,639.8453700542449,155.19261097164963,69.71005576799996,22.5,5.794223785400391,26.380422026288446,5.2618236584392495e-05,1.8502837243445043e-06,0.042682926829268296
llama-2-7b.Q2_K,HumanEval/75,15.418422222137451,346.9117319583893,79.93418545311215,-336.44626915679993,22.5,5.794223785400391,24.38753790268427,5.500642819204757e-06,3.567578277436876e-07,0.042682926829268296
llama-2-7b.Q2_K,HumanEval/76,15.502853870391846,348.8096308708191,80.27748836074261,-206.1171648936,22.5,5.794223785400391,14.876648813773972,1.3567288168775979e-05,8.751477813183474e-07,0.042682926829268296
llama-2-7b.Q2_K,HumanEval/77,35.5991735458374,800.9676718711853,196.6046374810776,130.3431042744,22.5,5.794223785400391,3.4342622110351635,6.86314597503226e-05,1.927894749071995e-06,0.042682926829268296
llama-2-7b.Q2_K,HumanEval/78,56.21460294723511,1264.8107564449308,306.37125697117517,-94.48207558560004,22.5,5.794223785400391,27.725765864991203,8.985431985599606e-05,1.5984159834827314e-06,0.042682926829268296
llama-2-7b.Q2_K,HumanEval/79,28.070661783218384,631.5813338756561,152.9761425534125,-15.572012457600016,22.5,5.794223785400391,27.16190518250546,4.679127023315059e-05,1.6669101211259661e-06,0.042682926829268296
llama-2-7b.Q2_K,HumanEval/80,29.58670997619629,665.691334605217,161.94930520590788,-22.525018019999955,22.5,5.794223785400391,24.251881849363503,4.898972008339202e-05,1.6558015447748748e-06,0.042682926829268296
llama-2-7b.Q2_K,HumanEval/81,60.39781212806702,1358.9278775453565,330.7099175327194,-21.027016821599997,22.5,5.794223785400391,3.2127937616013833,0.00010153172133594886,1.6810496565779873e-06,0.042682926829268296
llama-2-7b.Q2_K,HumanEval/82,18.752442359924316,421.92227661609655,99.17421161778111,-286.47522918000004,22.5,5.794223785400391,27.979143356363434,1.4276247405424733e-05,7.613006952062084e-07,0.042682926829268296
llama-2-7b.Q2_K,HumanEval/83,28.837884664535522,648.845511674881,167.07640715533674,68.87105509680006,22.5,5.794223785400391,20.364034423244664,5.383793203267639e-05,1.866916823441132e-06,0.042682926829268296
llama-2-7b.Q2_K,HumanEval/84,40.81537961959839,918.3321475982667,217.3962067344692,-366.56629325280005,22.5,5.794223785400391,34.360997644157635,4.680201582381755e-05,1.1466759897865692e-06,0.042682926829268296
llama-2-7b.Q2_K,HumanEval/85,18.673463106155396,420.1442295312882,98.66166028965745,-145.2231161784,22.5,5.794223785400391,27.95646580852018,2.2731785365200153e-05,1.2173309918987122e-06,0.042682926829268296
llama-2-7b.Q2_K,HumanEval/86,35.301252365112305,794.2643916606903,194.89630941919225,69.02705522159998,22.5,5.794223785400391,3.6006916509280096,6.438866738364129e-05,1.8239768583189316e-06,0.042682926829268296
llama-2-7b.Q2_K,HumanEval/87,61.82951092720032,1391.142382621765,339.0089226213277,-36.56402925119996,22.5,5.794223785400391,3.7484520886481008,0.0001030514926577367,1.6667039915465646e-06,0.042682926829268296
llama-2-7b.Q2_K,HumanEval/88,36.87485313415527,829.6711975336074,203.990011925408,-9.340007471999977,22.5,5.794223785400391,3.825131774086884,6.232795340523936e-05,1.6902563158280945e-06,0.042682926829268296
llama-2-7b.Q2_K,HumanEval/89,46.903109550476074,1055.301833152771,252.59469085004548,-366.80429344320004,22.5,5.794223785400391,28.96805030354733,5.726363232799323e-05,1.2208920235100273e-06,0.042682926829268296
llama-2-7b.Q2_K,HumanEval/90,20.20633053779602,454.63585495948786,107.39645087789178,-115.69609255679997,22.5,5.794223785400391,27.649304442656646,2.7158690702153004e-05,1.3440684171404881e-06,0.042682926829268296
llama-2-7b.Q2_K,HumanEval/91,15.962711572647095,359.1580009460449,82.99675644730452,-306.070244856,22.5,5.794223785400391,21.36699619618025,8.280477979123338e-06,5.187388083433363e-07,0.042682926829268296
llama-2-7b.Q2_K,HumanEval/92,59.41955018043518,1336.9213718175888,325.0951842425747,107.63408610719998,22.5,5.794223785400391,24.59810696263672,0.00010767980058852429,1.812194812339383e-06,0.042682926829268296
llama-2-7b.Q2_K,HumanEval/93,76.64060258865356,1724.390485882759,415.19364530471194,-339.395271516,22.5,5.794223785400391,21.16656791729704,0.00010953799174378186,1.4292423081756752e-06,0.042682926829268296
llama-2-7b.Q2_K,HumanEval/94,57.38632845878601,1291.1764901876452,313.25381240687244,105.1870841496,22.5,5.794223785400391,28.592189168283507,0.00010402689372734979,1.8127469820980153e-06,0.042682926829268296
llama-2-7b.Q2_K,HumanEval/95,33.98816990852356,764.7202455997467,187.2887065423347,-11.965009571999959,22.5,5.794223785400391,3.5478035129785654,5.7199846042167794e-05,1.6829339795616122e-06,0.042682926829268296
llama-2-7b.Q2_K,HumanEval/96,45.206015825271606,1017.1192306280136,252.30166307417036,-188.7041509632,22.5,5.794223785400391,27.80014286257674,6.575951240200073e-05,1.4546628629289438e-06,0.042682926829268296
llama-2-7b.Q2_K,HumanEval/97,48.045878648757935,1081.0125821828842,259.1552909342636,-277.5102220079999,22.5,5.794223785400391,27.53726491478884,6.46606517912256e-05,1.345810579590622e-06,0.042682926829268296
llama-2-7b.Q2_K,HumanEval/98,19.691899299621582,443.0599933862686,104.5791357163098,-158.67212693759998,22.5,5.794223785400391,27.528169615145575,2.36678857570125e-05,1.2019097496333087e-06,0.042682926829268296
llama-2-7b.Q2_K,HumanEval/99,46.93270134925842,1055.9679061174393,252.719054559032,-281.86722549359996,22.5,5.794223785400391,27.997631478374963,6.24799842919482e-05,1.3312675915880439e-06,0.042682926829268296
llama-2-7b.Q2_K,HumanEval/100,29.37815260887146,661.0000330209732,160.5220153101236,113.0260904208,22.5,5.794223785400391,25.52481191755621,5.686543706611646e-05,1.9356369279988195e-06,0.042682926829268296
llama-2-7b.Q2_K,HumanEval/101,14.794594764709473,332.8732216358185,76.31606686226223,-355.18228414559997,22.5,5.794223785400391,26.966143640987855,3.286221201228881e-06,2.221230965425104e-07,0.042682926829268296
llama-2-7b.Q2_K,HumanEval/102,76.67349481582642,1725.1237642765045,508.85727948193016,-206.03616482880005,22.5,5.794223785400391,0.0,0.00012339650265671482,1.6093762642894969e-06,0.042682926829268296
llama-2-7b.Q2_K,HumanEval/103,73.56129145622253,1655.1075893640516,397.5422376000197,-208.2191665752,22.5,5.794223785400391,26.857320627303224,0.00011223001929171208,1.5256667884698831e-06,0.042682926829268296
llama-2-7b.Q2_K,HumanEval/104,18.01987051963806,405.43781161308294,94.84739781654571,-168.45813476639998,22.5,5.794223785400391,28.477413067761415,2.0191032273945618e-05,1.1204870896237254e-06,0.042682926829268296
llama-2-7b.Q2_K,HumanEval/105,59.93598389625549,1348.5442954301834,327.95807207806325,81.510065208,22.5,5.794223785400391,24.699965485795172,0.00010697163817327555,1.7847648644332778e-06,0.042682926829268296
llama-2-7b.Q2_K,HumanEval/106,17.06456160545349,383.94444465637207,89.18069021040537,-349.490279592,22.5,5.794223785400391,26.60154836190626,7.522940542362732e-06,4.4085167356180727e-07,0.042682926829268296
llama-2-7b.Q2_K,HumanEval/107,48.463505268096924,1090.4111766815186,261.5133911940111,-161.49012919200004,22.5,5.794223785400391,28.25887922888555,7.243562086026201e-05,1.4946426276752564e-06,0.042682926829268296
llama-2-7b.Q2_K,HumanEval/108,25.839605808258057,581.3843232393265,140.09729440842148,5.535004427999971,22.5,5.794223785400391,28.70835736950212,4.423754780987745e-05,1.7120055212196622e-06,0.042682926829268296
llama-2-7b.Q2_K,HumanEval/109,57.68378210067749,1297.8656941652298,314.7604445365269,-27.434021947199994,22.5,5.794223785400391,28.08802303353953,9.645585798650996e-05,1.672148643411804e-06,0.042682926829268296
llama-2-7b.Q2_K,HumanEval/110,46.87319326400757,1054.627515077591,252.49034850463252,-331.8672654936,22.5,5.794223785400391,20.06236311189934,5.934210257308533e-05,1.2660136517443593e-06,0.042682926829268296
llama-2-7b.Q2_K,HumanEval/111,19.241436004638672,432.9246014356613,101.85100976848845,-142.38211390559997,22.5,5.794223785400391,28.042669058537573,2.3876381323260897e-05,1.2408835451524951e-06,0.042682926829268296
llama-2-7b.Q2_K,HumanEval/112,33.830886125564575,761.1820739507675,186.3389233358048,54.64204371360001,22.5,5.794223785400391,3.3981873084818837,6.0979672394503005e-05,1.8024852251334687e-06,0.042682926829268296
llama-2-7b.Q2_K,HumanEval/113,46.19844460487366,1039.449457526207,248.68367710257826,-354.2492833992,22.5,5.794223785400391,21.660287430635154,5.682501646205398e-05,1.23002012184755e-06,0.042682926829268296
llama-2-7b.Q2_K,HumanEval/114,30.39308214187622,683.8307493925095,166.39843540633774,113.47309077840006,22.5,5.794223785400391,3.4325890781805897,5.863940960333966e-05,1.9293669963976792e-06,0.042682926829268296
llama-2-7b.Q2_K,HumanEval/115,54.658968687057495,1229.809522032738,297.4052516142483,-118.90709512560004,22.5,5.794223785400391,28.643164590394964,8.569278386198477e-05,1.5677716927409877e-06,0.042682926829268296
llama-2-7b.Q2_K,HumanEval/116,71.56510949134827,1610.1899009943006,385.8403978009128,-331.7932654344,22.5,5.794223785400391,32.15357758178228,0.00010126558746355176,1.4150133798900158e-06,0.042682926829268296
llama-2-7b.Q2_K,HumanEval/117,24.225992679595947,545.0774645805359,130.6317192146771,3.2810026247999926,22.5,5.794223785400391,28.080285117772043,4.131523258496197e-05,1.705409273889496e-06,0.042682926829268296
llama-2-7b.Q2_K,HumanEval/118,62.49464130401611,1406.1040288209913,343.0128444475759,2.8410022728000235,22.5,5.794223785400391,3.516710083296396,0.00010660323014193419,1.705797935911723e-06,0.042682926829268296
llama-2-7b.Q2_K,HumanEval/119,71.6068024635315,1611.1314743757248,386.155704230645,-353.5522828416,22.5,5.794223785400391,31.660658211862987,0.00010001807225610002,1.3967677485255405e-06,0.042682926829268296
llama-2-7b.Q2_K,HumanEval/120,30.968077898025513,696.7692589759827,169.7510833979195,115.17009213600001,22.5,5.794223785400391,3.5550356856260086,5.9733954097415994e-05,1.928888008294004e-06,0.042682926829268296
llama-2-7b.Q2_K,HumanEval/121,44.63923931121826,1004.36543405056,239.52859950902078,-346.47527718000003,22.5,5.794223785400391,25.05832434922097,5.460618634478232e-05,1.223277707849723e-06,0.042682926829268296
llama-2-7b.Q2_K,HumanEval/122,32.918824911117554,740.6609272956848,181.14814894668322,125.220100176,22.5,5.794223785400391,3.914579301079187,6.370968949499244e-05,1.9353573424024624e-06,0.042682926829268296
llama-2-7b.Q2_K,HumanEval/123,65.01019835472107,1462.7074956893919,357.32036670185425,-19.142015313599995,22.5,5.794223785400391,4.060185166114142,0.00010958040207219436,1.6855878746020868e-06,0.042682926829268296
llama-2-7b.Q2_K,HumanEval/124,42.85807728767395,964.2942237854003,229.2073621011559,-375.68130054479997,22.5,5.794223785400391,28.186802082631033,4.976277415693548e-05,1.1611060809591505e-06,0.042682926829268296
llama-2-7b.Q2_K,HumanEval/125,19.51975178718567,439.18627202510834,103.47771620301046,-121.20209696159996,22.5,5.794223785400391,28.31213391336751,2.5645136574334652e-05,1.3138044404422283e-06,0.042682926829268296
llama-2-7b.Q2_K,HumanEval/126,30.783201217651367,692.6085358858107,168.82485806850403,33.97602718080001,22.5,5.794223785400391,3.3453551118681935,5.448392220219731e-05,1.7699238560983623e-06,0.042682926829268296
llama-2-7b.Q2_K,HumanEval/127,36.01042866706848,810.222811102867,199.04014732530322,-11.9480095584,22.5,5.794223785400391,3.3427079275778016,6.068467541521384e-05,1.6851972515036996e-06,0.042682926829268296
llama-2-7b.Q2_K,HumanEval/128,25.56014585494995,575.0949937105179,138.4660733933324,-110.90908872719999,22.5,5.794223785400391,27.773611539313194,3.667020106092788e-05,1.4346632162831093e-06,0.042682926829268296
llama-2-7b.Q2_K,HumanEval/129,48.834213733673096,1098.753656744957,263.5629693279325,-259.39220751360006,22.5,5.794223785400391,28.892948289478905,6.711080629407445e-05,1.3742579466944286e-06,0.042682926829268296
llama-2-7b.Q2_K,HumanEval/130,63.64698600769043,1432.034220099449,349.6076202382347,72.00105760080004,22.5,5.794223785400391,4.069614754758879,0.00011279056603392185,1.7721273717547824e-06,0.042682926829268296
llama-2-7b.Q2_K,HumanEval/131,12.940664768218994,291.1613792181015,65.40273005626386,-368.3292946632,22.5,5.794223785400391,32.63023773927983,-7.158886541612213e-07,-5.532085615256596e-08,0.042682926829268296
llama-2-7b.Q2_K,HumanEval/132,73.1033570766449,1644.8045003414152,394.8104535710045,-203.42216273760005,22.5,5.794223785400391,27.979635138443506,0.00011172876096811606,1.5283670331442444e-06,0.042682926829268296
llama-2-7b.Q2_K,HumanEval/133,21.27970576286316,478.7848073244095,113.75463529411536,-78.22306257839998,22.5,5.794223785400391,28.533456553865005,3.1295151665813735e-05,1.4706571610792332e-06,0.042682926829268296
llama-2-7b.Q2_K,HumanEval/134,31.89962100982666,717.7303737401962,175.14998851617565,7.538006030400029,22.5,5.794223785400391,3.7389385489096707,5.4788706896756176e-05,1.7175347280733694e-06,0.042682926829268296
llama-2-7b.Q2_K,HumanEval/135,33.50541353225708,753.8591068983078,184.55850565570927,-16.7380133904,22.5,5.794223785400391,4.0361265593440345,5.608241145432995e-05,1.673831346696767e-06,0.042682926829268296
llama-2-7b.Q2_K,HumanEval/136,32.69615316390991,735.651580095291,179.8213222830218,-45.654036523199984,22.5,5.794223785400391,3.3071341569235178,5.2926786672822236e-05,1.6187465971147622e-06,0.042682926829268296
llama-2-7b.Q2_K,HumanEval/137,73.78429388999939,1660.1226925849915,398.93242311408727,-347.28527782799995,22.5,5.794223785400391,26.504891731855196,0.00010415786619310373,1.4116536284590117e-06,0.042682926829268296
llama-2-7b.Q2_K,HumanEval/138,22.44573450088501,505.02002477645874,120.38733328524722,-38.581030864800034,22.5,5.794223785400391,28.22920166531547,3.5707240958739956e-05,1.5908252393046911e-06,0.042682926829268296
llama-2-7b.Q2_K,HumanEval/139,35.32205009460449,794.7336119413376,194.87254156158633,17.684014147200035,22.5,5.794223785400391,3.419026078260675,6.129164808173961e-05,1.7352234062739755e-06,0.042682926829268296
llama-2-7b.Q2_K,HumanEval/140,28.542312622070312,642.1929252147673,155.78101775232426,-50.53704042959997,22.5,5.794223785400391,25.97085350139582,4.548008216987366e-05,1.5934266705041354e-06,0.042682926829268296
llama-2-7b.Q2_K,HumanEval/141,65.45380425453186,1472.6882046461103,360.0639994326821,10.8670086936,22.5,5.794223785400391,3.9323970448694605,0.00011218064428206413,1.7138903622136986e-06,0.042682926829268296
llama-2-7b.Q2_K,HumanEval/142,27.74195432662964,624.184992313385,151.10590571808189,-65.52405241919999,22.5,5.794223785400391,27.67594814821842,4.3187932453306644e-05,1.5567732519785146e-06,0.042682926829268296
llama-2-7b.Q2_K,HumanEval/143,72.76951742172241,1637.2912788391113,392.8930125686065,-333.32026665599994,22.5,5.794223785400391,29.04670282073585,0.00010325087644831612,1.4188753767589878e-06,0.042682926829268296
llama-2-7b.Q2_K,HumanEval/144,73.18452048301697,1646.6275870800016,395.0915690983393,-203.35116268079997,22.5,5.794223785400391,28.273065381346775,0.0001118611177998936,1.5284805729628553e-06,0.042682926829268296
llama-2-7b.Q2_K,HumanEval/145,42.273415327072144,951.1355799436568,225.7596454420518,-203.17616254080002,22.5,5.794223785400391,30.08917806524314,5.92489116314905e-05,1.401564344235682e-06,0.042682926829268296
llama-2-7b.Q2_K,HumanEval/146,25.401747703552246,571.5312069654465,137.61500864681508,39.541031632799985,22.5,5.794223785400391,27.873441061958317,4.555616321410346e-05,1.7934263321469321e-06,0.042682926829268296
llama-2-7b.Q2_K,HumanEval/147,71.21749305725098,1602.3693841695786,384.1157313227587,-325.15926012719996,22.5,5.794223785400391,32.89186956900438,0.00010108844794313872,1.4194328331927494e-06,0.042682926829268296
llama-2-7b.Q2_K,HumanEval/148,30.43148922920227,684.6971404552459,166.66654733915678,115.25309220239998,22.5,5.794223785400391,3.2876803297960717,5.881675153017767e-05,1.9327595533424208e-06,0.042682926829268296
llama-2-7b.Q2_K,HumanEval/149,24.522999048233032,551.7596411705017,132.50415255646476,-132.74210619359997,22.5,5.794223785400391,28.040336571328154,3.355902228312404e-05,1.368471377302528e-06,0.042682926829268296
llama-2-7b.Q2_K,HumanEval/150,17.65200638771057,397.16271936893463,92.71089328494963,-293.2012345608,22.5,5.794223785400391,28.01696817811086,1.1967131788451223e-05,6.779473973441801e-07,0.042682926829268296
llama-2-7b.Q2_K,HumanEval/151,74.0358636379242,1665.781751275062,400.2702530317929,-238.2271905816,22.5,5.794223785400391,25.53319349186478,0.0001112195858113773,1.5022393249209846e-06,0.042682926829268296
llama-2-7b.Q2_K,HumanEval/152,64.85038590431213,1459.111334681511,356.54632197074534,127.76710221359997,22.5,5.794223785400391,3.566922226480526,0.00011825361769551179,1.8234836392492257e-06,0.042682926829268296
llama-2-7b.Q2_K,HumanEval/153,60.04726028442383,1351.0399782657626,328.71253060253827,-44.63003570400003,22.5,5.794223785400391,0.0,9.949402308723877e-05,1.6569286028366455e-06,0.042682926829268296
llama-2-7b.Q2_K,HumanEval/154,26.201059579849243,589.5154935121536,142.1288404676361,-75.52706042160007,22.5,5.794223785400391,27.980511696005983,3.992346031242836e-05,1.523734572289312e-06,0.042682926829268296
llama-2-7b.Q2_K,HumanEval/155,29.509114742279053,663.9462518692017,161.3859579391519,-14.183011346400068,22.5,5.794223785400391,24.447386436608642,4.93568514918573e-05,1.6725968204373644e-06,0.042682926829268296
llama-2-7b.Q2_K,HumanEval/156,76.64617586135864,1724.5144844055176,504.0649085391469,-340.2192721752,22.5,5.794223785400391,0.0,0.00011490304153747595,1.4991360005399123e-06,0.042682926829268296
llama-2-7b.Q2_K,HumanEval/157,25.87701916694641,582.224428653717,140.24036295855785,53.90004312000003,22.5,5.794223785400391,28.097660991861613,4.7240290595169166e-05,1.8255692547274063e-06,0.042682926829268296
llama-2-7b.Q2_K,HumanEval/158,44.350372314453125,997.8722673654555,237.89800290960378,-328.22326257839995,22.5,5.794223785400391,24.80257344691913,5.5222470743604525e-05,1.24514108589813e-06,0.042682926829268296
llama-2-7b.Q2_K,HumanEval/159,57.606643199920654,1296.1309218406677,314.5592459265127,112.78209022560003,22.5,5.794223785400391,28.831242312204818,0.00010486993570280348,1.8204486475432737e-06,0.042682926829268296
llama-2-7b.Q2_K,HumanEval/160,55.559195041656494,1250.0649100542068,302.77510897069806,-95.74007659199998,22.5,5.794223785400391,28.303229337769704,8.866169824715421e-05,1.5958060259994504e-06,0.042682926829268296
llama-2-7b.Q2_K,HumanEval/161,35.67181921005249,802.6026767492293,197.01391708800475,3.6980029583999734,22.5,5.794223785400391,3.3922120061628567,6.104974232552057e-05,1.711427779055251e-06,0.042682926829268296
llama-2-7b.Q2_K,HumanEval/162,17.40526032447815,391.60953283309937,91.21234125986574,-339.1022712816,22.5,5.794223785400391,25.637313133267412,8.745058376288324e-06,5.024376661571433e-07,0.042682926829268296
llama-2-7b.Q2_K,HumanEval/163,22.54323935508728,507.2148710489273,121.13417449110331,-55.85204468159997,22.5,5.794223785400391,28.713993495180222,3.483532931362272e-05,1.545267242427673e-06,0.042682926829268296
llama-2-7b.Q3_K_L,HumanEval/0,19.666765928268433,442.49308705329884,113.93276091617645,317.08525366799995,22.5,5.794223785400391,4.273687573967409,5.3151452040831626e-05,2.702602564890107e-06,0.08536585365853659
llama-2-7b.Q3_K_L,HumanEval/1,45.897242069244385,1032.6706463098526,246.80241214709258,-391.63731330959996,22.5,5.794223785400391,22.64073622239304,5.4023078744933725e-05,1.177044116581777e-06,0.08536585365853659
llama-2-7b.Q3_K_L,HumanEval/2,10.720190525054932,241.20144903659818,62.10733352197713,128.5771028616,22.5,5.794223785400391,11.99506561582371,2.627941634970713e-05,2.4513945240327217e-06,0.08536585365853659
llama-2-7b.Q3_K_L,HumanEval/3,16.24356174468994,365.47743558883667,84.6942691324275,-359.5272876216,22.5,5.794223785400391,24.595851569902813,5.515536527481315e-06,3.3955216313838047e-07,0.08536585365853659
llama-2-7b.Q3_K_L,HumanEval/4,25.357253074645996,570.5296057462692,137.3847636564451,38.413030730399996,22.5,5.794223785400391,28.058877240109243,4.541257110593308e-05,1.7909105127534429e-06,0.08536585365853659
llama-2-7b.Q3_K_L,HumanEval/5,40.91127610206604,920.4921519756318,217.87950722754795,-326.5042612032,22.5,5.794223785400391,34.655566185395784,4.940055253724709e-05,1.2075045621652543e-06,0.08536585365853659
llama-2-7b.Q3_K_L,HumanEval/6,75.87595200538635,1707.1851181983948,410.9312264418341,-204.5861636688,22.5,5.794223785400391,22.40603799096747,0.00011643459075898175,1.53453877917362e-06,0.08536585365853659
llama-2-7b.Q3_K_L,HumanEval/7,11.466835975646973,258.00093948841095,66.43331154559837,131.55510524399998,22.5,5.794223785400391,11.473731645651606,2.7746065683546325e-05,2.41967930320734e-06,0.08536585365853659
llama-2-7b.Q3_K_L,HumanEval/8,23.014006853103638,517.8074938058853,123.57852009337874,-184.11314729040004,22.5,5.794223785400391,28.18210394623351,2.7824164791464298e-05,1.2090100159030746e-06,0.08536585365853659
llama-2-7b.Q3_K_L,HumanEval/9,20.488131999969482,460.97365736961365,109.10527626199382,-212.53317002640003,22.5,5.794223785400391,28.49079313605621,2.1755964487503197e-05,1.0618813119485761e-06,0.08536585365853659
llama-2-7b.Q3_K_L,HumanEval/10,85.32010698318481,1919.6719479560852,465.6239001481709,-74.91105992879999,22.5,5.794223785400391,27.707179864152437,0.00014058242194561063,1.6477056454385026e-06,0.08536585365853659
llama-2-7b.Q3_K_L,HumanEval/11,18.405410289764404,414.1147041320801,96.98540260349546,-277.1832217464001,22.5,5.794223785400391,27.07282715982317,1.423338761320385e-05,7.733262877122226e-07,0.08536585365853659
llama-2-7b.Q3_K_L,HumanEval/12,46.64745306968689,1049.550023674965,340.3713188750872,-254.9762039808,22.5,5.794223785400391,0.0,6.905920484416953e-05,1.4804496344313076e-06,0.08536585365853659
llama-2-7b.Q3_K_L,HumanEval/13,17.317840576171875,389.64234173297876,90.63402597583809,-186.8141494512,22.5,5.794223785400391,24.91275120433758,1.7856605359996045e-05,1.0311103905509716e-06,0.08536585365853659
llama-2-7b.Q3_K_L,HumanEval/14,18.164348602294922,408.68931412696844,95.72653916509626,-183.74214699359996,22.5,5.794223785400391,27.235411784522874,1.9512371496054885e-05,1.0742125645832216e-06,0.08536585365853659
llama-2-7b.Q3_K_L,HumanEval/15,25.853384256362915,581.694563627243,140.00666986748547,9.363007490400014,22.5,5.794223785400391,28.234778259199192,4.448383755014315e-05,1.7206195177018266e-06,0.08536585365853659
llama-2-7b.Q3_K_L,HumanEval/16,15.37997841835022,346.0451745986938,79.66328851587969,-327.7762622208,22.5,5.794223785400391,23.83976671002313,5.9589840006621574e-06,3.874507387833751e-07,0.08536585365853659
llama-2-7b.Q3_K_L,HumanEval/17,41.38464689254761,931.1432844400406,220.50004718394302,-209.11016728799999,22.5,5.794223785400391,33.58816372444264,5.7351310346469505e-05,1.3858112767127926e-06,0.08536585365853659
llama-2-7b.Q3_K_L,HumanEval/18,11.067996740341187,249.02700841426847,64.12196786292316,127.59810207839999,22.5,5.794223785400391,11.529728474722212,2.6818602709729838e-05,2.423076491519017e-06,0.08536585365853659
llama-2-7b.Q3_K_L,HumanEval/19,15.57568645477295,350.4488092660904,80.75675363661321,-361.23128898479996,22.5,5.794223785400391,25.917441690721077,4.2577985068162615e-06,2.733618527298692e-07,0.08536585365853659
llama-2-7b.Q3_K_L,HumanEval/20,34.009214639663696,765.1948034763336,187.3679921367302,125.715100572,22.5,5.794223785400391,3.445495217843311,6.561111333139633e-05,1.9292157736237902e-06,0.08536585365853659
llama-2-7b.Q3_K_L,HumanEval/21,18.4283230304718,414.62947905063623,97.2309803140961,-307.84424627519996,22.5,5.794223785400391,27.972940577823703,1.2413989868305929e-05,6.736364371179631e-07,0.08536585365853659
llama-2-7b.Q3_K_L,HumanEval/22,13.703145027160645,308.3167612552643,69.98494644478069,-255.35620428479996,22.5,5.794223785400391,21.140971452062388,7.480994822116573e-06,5.459326897065374e-07,0.08536585365853659
llama-2-7b.Q3_K_L,HumanEval/23,18.532093048095703,416.96457803249365,97.7690000655166,-157.42212593759996,22.5,5.794223785400391,28.565760199681062,2.1741707091692873e-05,1.1731922042085246e-06,0.08536585365853659
llama-2-7b.Q3_K_L,HumanEval/24,63.646472692489624,1432.0213401317596,349.5363000880098,64.02205121760004,22.5,5.794223785400391,3.4920972668752768,0.00011229993559678612,1.7644329818459474e-06,0.08536585365853659
llama-2-7b.Q3_K_L,HumanEval/25,27.396512031555176,616.4134311676025,148.96993718931935,-50.286040228800026,22.5,5.794223785400391,28.35184614348847,4.35122819495693e-05,1.5882416673864198e-06,0.08536585365853659
llama-2-7b.Q3_K_L,HumanEval/26,15.098255157470703,339.70648169517517,78.02849783243528,-338.11027048799997,22.5,5.794223785400391,25.10658484014443,4.845008719237167e-06,3.2089858521432054e-07,0.08536585365853659
llama-2-7b.Q3_K_L,HumanEval/27,35.560269832611084,800.0939208269119,196.39708557974518,135.8611086888,22.5,5.794223785400391,3.6916598745813323,6.89014244077792e-05,1.9375956575164145e-06,0.08536585365853659
llama-2-7b.Q3_K_L,HumanEval/28,7.273877143859863,163.65931212902066,42.13842224637574,26.58202126559999,22.5,5.794223785400391,3.654979407990035,1.4139856281229773e-05,1.9439228903069562e-06,0.08536585365853659
llama-2-7b.Q3_K_L,HumanEval/29,13.527615070343018,304.36853885650635,68.98026991713323,-419.8593358872,22.5,5.794223785400391,35.2664668603885,-2.830075137724099e-06,-2.092072492459188e-07,0.08536585365853659
llama-2-7b.Q3_K_L,HumanEval/30,25.951918363571167,583.908759355545,140.84425994483172,58.492046793600004,22.5,5.794223785400391,28.51488937886307,4.765893929530108e-05,1.8364322293106534e-06,0.08536585365853659
llama-2-7b.Q3_K_L,HumanEval/31,32.99313282966614,742.3314714431763,181.52941549830484,-4.515003611999977,22.5,5.794223785400391,3.7105236169043745,5.594040938360355e-05,1.695516751089006e-06,0.08536585365853659
llama-2-7b.Q3_K_L,HumanEval/32,57.856547117233276,1301.7543876171112,316.05874700816,-49.47703958159998,22.5,5.794223785400391,27.51849523732142,9.543020184100035e-05,1.6494278797459606e-06,0.08536585365853659
llama-2-7b.Q3_K_L,HumanEval/33,51.28764796257019,1153.9523380994794,278.009726606927,-206.6291653032,22.5,5.794223785400391,27.955185710706836,7.455912433693628e-05,1.4537442697966897e-06,0.08536585365853659
llama-2-7b.Q3_K_L,HumanEval/34,11.463266134262085,257.91780173778534,56.91507959926094,-312.50025,22.5,5.794223785400391,31.812805376328747,1.4193608118722137e-07,1.238181854323302e-08,0.08536585365853659
llama-2-7b.Q3_K_L,HumanEval/35,26.798306226730347,602.9543423652649,145.6328374242621,78.3480626784,22.5,5.794223785400391,27.990659679870646,5.031740157453523e-05,1.8776336515009082e-06,0.08536585365853659
llama-2-7b.Q3_K_L,HumanEval/36,25.43322229385376,572.239648103714,137.68160147308026,-87.18006974400004,22.5,5.794223785400391,27.81800613984942,3.7892589907198084e-05,1.4898855311918253e-06,0.08536585365853659
llama-2-7b.Q3_K_L,HumanEval/37,70.986811876297,1597.1794813871384,382.4917422015706,-325.00025999999997,22.5,5.794223785400391,34.06155075326723,0.00010068351071861041,1.4183410700858556e-06,0.08536585365853659
llama-2-7b.Q3_K_L,HumanEval/38,35.16531276702881,791.2079286575317,202.2546999889155,132.5941060752,22.5,5.794223785400391,3.4928358238588366,6.851836275305028e-05,1.9484644771109065e-06,0.08536585365853659
llama-2-7b.Q3_K_L,HumanEval/39,21.02562952041626,473.0685693025589,121.81206335306615,-66.5560532448,22.5,5.794223785400391,28.439396246772198,3.21475233593554e-05,1.5289684110594445e-06,0.08536585365853659
llama-2-7b.Q3_K_L,HumanEval/40,35.65638709068298,802.2548907995224,196.9390438468317,3.870003096000015,22.5,5.794223785400391,3.864703950451504,6.1034490209521086e-05,1.711740733975524e-06,0.08536585365853659
llama-2-7b.Q3_K_L,HumanEval/41,17.920002460479736,403.19259881973267,94.3038149635513,-336.18726894959997,22.5,5.794223785400391,27.845379183818366,9.81534780645916e-06,5.477313872085481e-07,0.08536585365853659
llama-2-7b.Q3_K_L,HumanEval/42,45.02553415298462,1013.061198592186,241.86124239707627,-238.6331909064,22.5,5.794223785400391,24.089518725747567,6.183922474955588e-05,1.3734256775154044e-06,0.08536585365853659
llama-2-7b.Q3_K_L,HumanEval/43,44.072808265686035,991.622210741043,236.25289417161363,-213.110170488,22.5,5.794223785400391,25.846115295427115,6.17464731057012e-05,1.4010106352531982e-06,0.08536585365853659
llama-2-7b.Q3_K_L,HumanEval/44,24.77275013923645,557.3786062002182,133.9403845819952,25.29102023279998,22.5,5.794223785400391,28.612080543374724,4.360432576190881e-05,1.7601729931811597e-06,0.08536585365853659
llama-2-7b.Q3_K_L,HumanEval/45,6.5387609004974365,147.11926639080048,37.879095069944924,26.310021047999985,22.5,5.794223785400391,4.024347431468242,1.2857704198246721e-05,1.96638237640232e-06,0.08536585365853659
llama-2-7b.Q3_K_L,HumanEval/46,44.57121467590332,1002.8397613763808,248.62058763503956,-65.52805242240005,22.5,5.794223785400391,24.963329517049395,7.21616742679763e-05,1.619019692254187e-06,0.08536585365853659
llama-2-7b.Q3_K_L,HumanEval/47,50.78381943702698,1142.6190930604935,274.91510457731965,-237.15618972480004,22.5,5.794223785400391,27.74728434065251,7.182370660204701e-05,1.4143029689035096e-06,0.08536585365853659
llama-2-7b.Q3_K_L,HumanEval/48,11.932708740234375,268.4812581539154,59.5970360865158,-308.51124680879997,22.5,5.794223785400391,29.993495870024354,1.1906167891780884e-06,9.977757901385793e-08,0.08536585365853659
llama-2-7b.Q3_K_L,HumanEval/49,28.247655868530273,635.5644196271895,154.06454051333822,105.14408411520006,22.5,5.794223785400391,26.824941819567126,5.44451999064861e-05,1.927423647465969e-06,0.08536585365853659
llama-2-7b.Q3_K_L,HumanEval/50,55.90630578994751,1257.8732657432554,304.7102546440101,-79.27806342240004,22.5,5.794223785400391,27.89268714577149,9.025625285125687e-05,1.6144199044445861e-06,0.08536585365853659
llama-2-7b.Q3_K_L,HumanEval/51,30.490419149398804,686.0208374261856,167.1262706148127,-8.323006658400047,22.5,5.794223785400391,3.24706320019607,5.1405903855600635e-05,1.6859690778181457e-06,0.08536585365853659
llama-2-7b.Q3_K_L,HumanEval/52,50.61375451087952,1138.790395259857,274.1003319195652,-235.23718818960003,22.5,5.794223785400391,27.586568771769596,7.16579279656493e-05,1.4157797353335308e-06,0.08536585365853659
llama-2-7b.Q3_K_L,HumanEval/53,31.17362141609192,701.3924431800841,170.95175875551558,23.509018807200007,22.5,5.794223785400391,4.193885485305654,5.451092654538126e-05,1.7486234857924642e-06,0.08536585365853659
llama-2-7b.Q3_K_L,HumanEval/54,32.27458095550537,726.1642849445343,177.44974459120203,-39.97503198,22.5,5.794223785400391,3.432270225796732,5.255075370321575e-05,1.6282396904134454e-06,0.08536585365853659
llama-2-7b.Q3_K_L,HumanEval/55,29.378853797912598,661.0157454013824,160.72204521292863,-35.840028672,22.5,5.794223785400391,24.56382066572741,4.782035067965252e-05,1.6277132868624784e-06,0.08536585365853659
llama-2-7b.Q3_K_L,HumanEval/56,20.159536600112915,453.5832864046097,107.1988965345654,-242.49419399520002,22.5,5.794223785400391,27.53182744393853,1.936720523392905e-05,9.606969454754517e-07,0.08536585365853659
llama-2-7b.Q3_K_L,HumanEval/57,14.459953546524048,325.34612238407135,74.24471706685472,-301.1982409584,22.5,5.794223785400391,23.50545359649501,5.986998299328697e-06,4.140399400361753e-07,0.08536585365853659
llama-2-7b.Q3_K_L,HumanEval/58,21.3889262676239,481.24325573444366,114.21644870453201,-76.74806139839998,22.5,5.794223785400391,27.889259246559803,3.156259487304646e-05,1.4756512074578652e-06,0.08536585365853659
llama-2-7b.Q3_K_L,HumanEval/59,34.77738046646118,782.4776333570479,191.83798914850198,30.2020241616,22.5,5.794223785400391,3.9053281583058457,6.112294557093866e-05,1.7575488651275727e-06,0.08536585365853659
llama-2-7b.Q3_K_L,HumanEval/60,16.63490581512451,374.2782998085022,181.22006864646937,-368.67829494240004,22.5,5.794223785400391,0.0,1.1367638211985924e-05,6.833605394778027e-07,0.08536585365853659
llama-2-7b.Q3_K_L,HumanEval/61,53.316847801208496,1199.6090608835223,289.62670942136083,-20.217016173600037,22.5,5.794223785400391,27.785687399840164,8.93869347635333e-05,1.6765232464006851e-06,0.08536585365853659
llama-2-7b.Q3_K_L,HumanEval/62,18.409048080444336,414.1965436935425,97.09120652364528,-269.7072157656,22.5,5.794223785400391,28.140545182057743,1.4699705781451013e-05,7.985043939923378e-07,0.08536585365853659
llama-2-7b.Q3_K_L,HumanEval/63,39.83348274230957,896.2394839525222,211.7664170142143,-252.4172019336,22.5,5.794223785400391,39.04610520561094,5.2060908691473785e-05,1.3069635168048392e-06,0.08536585365853659
llama-2-7b.Q3_K_L,HumanEval/64,18.887787103652954,424.9676835536957,99.80331731463866,-142.3491138792,22.5,5.794223785400391,28.07219674511152,2.3269628225175233e-05,1.2319933562081933e-06,0.08536585365853659
llama-2-7b.Q3_K_L,HumanEval/65,41.16601610183716,926.2206798791885,219.40057827889362,-274.4212195368,22.5,5.794223785400391,33.65955490554977,5.3010828350029915e-05,1.2877327798466306e-06,0.08536585365853659
llama-2-7b.Q3_K_L,HumanEval/66,28.578788995742798,643.015204668045,156.03379143911025,110.53808843040005,22.5,5.794223785400391,27.0695711119242,5.5346605452556974e-05,1.936632285601801e-06,0.08536585365853659
llama-2-7b.Q3_K_L,HumanEval/67,50.62078547477722,1138.949632644653,274.010585981212,-244.92219593759998,22.5,5.794223785400391,28.057615974999322,7.107284249553685e-05,1.404024884816342e-06,0.08536585365853659
llama-2-7b.Q3_K_L,HumanEval/68,52.75152659416199,1186.8917745351791,286.30865433430154,-141.1741129392,22.5,5.794223785400391,28.193886092078127,8.105121127318773e-05,1.5364713877713193e-06,0.08536585365853659
llama-2-7b.Q3_K_L,HumanEval/69,58.74662780761719,1321.78169131279,321.21734741276305,-3.542002833599949,22.5,5.794223785400391,25.924460904003332,9.975777280089999e-05,1.6981021128154904e-06,0.08536585365853659
llama-2-7b.Q3_K_L,HumanEval/70,28.79769539833069,647.9381096363066,157.11548660071549,-18.532014825599987,22.5,5.794223785400391,26.514113459570236,4.785830888136563e-05,1.6618798212630523e-06,0.08536585365853659
llama-2-7b.Q3_K_L,HumanEval/71,69.75861263275146,1569.5438396930695,375.38531440713,-352.0822816656,22.5,5.794223785400391,39.074900380964245,9.69216349853934e-05,1.3893859313923479e-06,0.08536585365853659
llama-2-7b.Q3_K_L,HumanEval/72,27.558751344680786,620.0628447532654,150.023313995036,109.22108737680001,22.5,5.794223785400391,29.039700113870257,5.350413616262273e-05,1.9414571978766287e-06,0.08536585365853659
llama-2-7b.Q3_K_L,HumanEval/73,54.977455615997314,1236.9744265079498,305.52956674844245,-82.20606576480003,22.5,5.794223785400391,28.427586151069573,8.885628941967103e-05,1.616231388376869e-06,0.08536585365853659
llama-2-7b.Q3_K_L,HumanEval/74,52.8262403011322,1188.5725432634354,286.8133617859076,-159.49712759759998,22.5,5.794223785400391,28.275320689116224,8.006927343531573e-05,1.515710241328676e-06,0.08536585365853659
llama-2-7b.Q3_K_L,HumanEval/75,23.746883630752563,534.2962664365767,127.84129122616014,-123.47509877999998,22.5,5.794223785400391,28.364703599667873,3.2776563223788936e-05,1.3802469298052569e-06,0.08536585365853659
llama-2-7b.Q3_K_L,HumanEval/76,40.71174073219299,915.998974442482,216.54644331441887,-321.9772575816,22.5,5.794223785400391,34.96678885808851,4.9321496441911164e-05,1.211480903416885e-06,0.08536585365853659
llama-2-7b.Q3_K_L,HumanEval/77,43.02977991104126,968.157221674919,230.2655049114492,-208.5811668648,22.5,5.794223785400391,28.53224843516223,6.022993421713574e-05,1.3997267553227944e-06,0.08536585365853659
llama-2-7b.Q3_K_L,HumanEval/78,66.02081418037415,1485.44413626194,363.32569271663397,127.12010169600005,22.5,5.794223785400391,3.468164643075797,0.00012022906027334932,1.821078121588654e-06,0.08536585365853659
llama-2-7b.Q3_K_L,HumanEval/79,44.96821594238281,1011.7706537246703,241.4085203130708,-364.7292917832,22.5,5.794223785400391,24.56425883485283,5.4060447793751116e-05,1.2021924077000977e-06,0.08536585365853659
llama-2-7b.Q3_K_L,HumanEval/80,74.82291078567505,1683.4928655624387,414.28355946267857,112.03108962479998,22.5,5.794223785400391,24.26862359539996,0.0001344624904185023,1.7970764436532095e-06,0.08536585365853659
llama-2-7b.Q3_K_L,HumanEval/81,62.79634928703308,1412.893858551979,344.58165981317416,-19.708015766400052,22.5,5.794223785400391,3.5485658474632618,0.00010573977354076796,1.6838522420697844e-06,0.08536585365853659
llama-2-7b.Q3_K_L,HumanEval/82,54.74513125419617,1231.7477720975876,298.0444419004998,-126.44410115520002,22.5,5.794223785400391,28.060446097449947,8.539100393404806e-05,1.5597917472798625e-06,0.08536585365853659
llama-2-7b.Q3_K_L,HumanEval/83,50.075952768325806,1126.6894751787183,270.8022332679011,-228.95418316319999,22.5,5.794223785400391,27.838040740637584,7.11032362571969e-05,1.419907806570409e-06,0.08536585365853659
llama-2-7b.Q3_K_L,HumanEval/84,64.58255767822266,1453.0819272994995,354.7226593610076,32.61302609039997,22.5,5.794223785400391,3.4670298442797396,0.0001119858331460901,1.7339950161783684e-06,0.08536585365853659
llama-2-7b.Q3_K_L,HumanEval/85,24.18161654472351,544.0771722793579,130.47242138286947,-147.040117632,22.5,5.794223785400391,28.032455568833665,3.209792590356927e-05,1.3273689062186836e-06,0.08536585365853659
llama-2-7b.Q3_K_L,HumanEval/86,46.462056398391724,1045.3828310966494,250.1379785019817,-322.85025827999993,22.5,5.794223785400391,21.41577407670935,5.9185111743888905e-05,1.2738375425401444e-06,0.08536585365853659
llama-2-7b.Q3_K_L,HumanEval/87,74.71617794036865,1681.0922187566755,404.21121800976016,-206.43016514400003,22.5,5.794223785400391,24.08728741530808,0.00011432578521353037,1.530134281022436e-06,0.08536585365853659
llama-2-7b.Q3_K_L,HumanEval/88,47.42554259300232,1067.0572847127912,255.42808195228193,-185.5481484384,22.5,5.794223785400391,29.503112871751505,6.91804190178354e-05,1.4587164476225315e-06,0.08536585365853659
llama-2-7b.Q3_K_L,HumanEval/89,22.468811750411987,505.53932726383204,120.54577738058289,-71.87705750159998,22.5,5.794223785400391,28.1289087465736,3.372248204188196e-05,1.500857384737474e-06,0.08536585365853659
llama-2-7b.Q3_K_L,HumanEval/90,30.539979457855225,687.1361750364305,167.39996775241528,0.34400027520003496,22.5,5.794223785400391,3.486034804227193,5.201779443850234e-05,1.7032688090143029e-06,0.08536585365853659
llama-2-7b.Q3_K_L,HumanEval/91,22.42082381248474,504.4619482755661,120.34673521495824,-180.87814470240002,22.5,5.794223785400391,28.039596860706272,2.7012310086987498e-05,1.2047866890576094e-06,0.08536585365853659
llama-2-7b.Q3_K_L,HumanEval/92,87.58327269554138,1970.593938231468,478.52992142650146,-8.06000644799999,22.5,5.794223785400391,27.98241079953256,0.00014853398895477876,1.6959173182659593e-06,0.08536585365853659
llama-2-7b.Q3_K_L,HumanEval/93,90.22890758514404,2030.1182663440704,494.06453375533516,-11.560009248000016,22.5,5.794223785400391,4.083152860108019,0.00015288821116788136,1.694448212438006e-06,0.08536585365853659
llama-2-7b.Q3_K_L,HumanEval/94,67.00775265693665,1507.6520758867264,368.94393765420864,-7.158005726399955,22.5,5.794223785400391,3.4541023363123973,0.00011375166775716592,1.6975896556260695e-06,0.08536585365853659
llama-2-7b.Q3_K_L,HumanEval/95,42.748404026031494,961.8248105049133,228.55412798808538,-366.3232930584,22.5,5.794223785400391,28.3799304030678,5.014218369427364e-05,1.172960367449969e-06,0.08536585365853659
llama-2-7b.Q3_K_L,HumanEval/96,27.484943628311157,618.4022837877274,149.69238750334807,97.83907827119998,22.5,5.794223785400391,28.29151085358809,5.2690384900795866e-05,1.9170635971951414e-06,0.08536585365853659
llama-2-7b.Q3_K_L,HumanEval/97,30.34968614578247,682.8544789552689,166.33861168802196,-22.493017994400017,22.5,5.794223785400391,3.401972796955142,5.030309194832152e-05,1.657450153082122e-06,0.08536585365853659
llama-2-7b.Q3_K_L,HumanEval/98,29.071271657943726,654.0954422950745,158.95764130821044,-28.764023011199964,22.5,5.794223785400391,25.17371083686236,4.772246433052166e-05,1.6415678299879769e-06,0.08536585365853659
llama-2-7b.Q3_K_L,HumanEval/99,31.268654823303223,703.531311750412,171.56491422372346,-9.12600730080006,22.5,5.794223785400391,4.030174863840338,5.269260397529169e-05,1.6851573651969862e-06,0.08536585365853659
llama-2-7b.Q3_K_L,HumanEval/100,63.91826152801514,1438.1391799449918,351.1109161646855,-21.595017275999986,22.5,5.794223785400391,3.9196671460377486,0.00010755837443993156,1.6827487461120813e-06,0.08536585365853659
llama-2-7b.Q3_K_L,HumanEval/101,31.69714903831482,713.1713855266572,174.14766874325505,-48.4870387896,22.5,5.794223785400391,3.3012291351848404,5.104129707972468e-05,1.6102803762580376e-06,0.08536585365853659
llama-2-7b.Q3_K_L,HumanEval/102,15.499758005142212,348.741711974144,80.35366983563563,-344.8132758503999,22.5,5.794223785400391,24.863538268803094,5.128402265755555e-06,3.3086982803564755e-07,0.08536585365853659
llama-2-7b.Q3_K_L,HumanEval/103,23.78542923927307,535.1646530628204,128.1249707258121,-9.992007993600007,22.5,5.794223785400391,27.806080647720172,3.975188962020812e-05,1.671270643061265e-06,0.08536585365853659
llama-2-7b.Q3_K_L,HumanEval/104,22.159350395202637,498.5774391889572,118.85153044468281,-162.79213023359992,22.5,5.794223785400391,28.07400245006062,2.766376766141583e-05,1.2484015626832123e-06,0.08536585365853659
llama-2-7b.Q3_K_L,HumanEval/105,72.48317265510559,1630.8479046821597,391.35009802034347,-316.39525311599994,22.5,5.794223785400391,29.30752603475136,0.00010379478047365897,1.4319845099433275e-06,0.08536585365853659
llama-2-7b.Q3_K_L,HumanEval/106,35.79566287994385,805.3892290592192,197.89415254543204,130.5131044104,22.5,5.794223785400391,3.512320581055425,6.89893115697375e-05,1.9273092329962664e-06,0.08536585365853659
llama-2-7b.Q3_K_L,HumanEval/107,55.64253783226013,1251.9405144453049,303.2263763872197,-108.52008681599997,22.5,5.794223785400391,28.449534081364483,8.802564510006439e-05,1.5819847284001728e-06,0.08536585365853659
llama-2-7b.Q3_K_L,HumanEval/108,55.709200382232666,1253.437728881836,303.50317349997295,-74.53405962720008,22.5,5.794223785400391,28.46969317584043,9.020157392386816e-05,1.6191503971512064e-06,0.08536585365853659
llama-2-7b.Q3_K_L,HumanEval/109,63.24748158454895,1423.0442708730698,347.28317625950143,-3.2140025711999805,22.5,5.794223785400391,3.7313796542415996,0.00010752541704763948,1.7000742852330014e-06,0.08536585365853659
llama-2-7b.Q3_K_L,HumanEval/110,64.10134625434875,1442.256917953491,352.0726572076255,-31.206024964799976,22.5,5.794223785400391,3.3858876686093584,0.00010728263973365382,1.673640976399549e-06,0.08536585365853659
llama-2-7b.Q3_K_L,HumanEval/111,22.378533601760864,503.5079509019851,120.09589970336674,-193.7191549752,22.5,5.794223785400391,27.93673837507294,2.615764784218657e-05,1.1688722910838244e-06,0.08536585365853659
llama-2-7b.Q3_K_L,HumanEval/112,65.06316590309143,1463.8991636037827,357.7635982202246,25.9440207552,22.5,5.794223785400391,3.886663577760045,0.00011242328015120085,1.7279097718461798e-06,0.08536585365853659
llama-2-7b.Q3_K_L,HumanEval/113,66.01557278633118,1485.3258293867111,363.14474064664137,-30.0880240704,22.5,5.794223785400391,3.6611692038378796,0.00011064504217800628,1.676044568091907e-06,0.08536585365853659
llama-2-7b.Q3_K_L,HumanEval/114,29.333289623260498,659.9908947944641,160.4198211203966,-57.8290462632,22.5,5.794223785400391,24.558271188501287,4.640161180061256e-05,1.581875486744499e-06,0.08536585365853659
llama-2-7b.Q3_K_L,HumanEval/115,63.920485734939575,1438.1885969638822,351.1715798049672,-8.146006516799915,22.5,5.794223785400391,3.3698754498876897,0.00010838341878783953,1.6955975465717726e-06,0.08536585365853659
llama-2-7b.Q3_K_L,HumanEval/116,48.694031953811646,1095.5955326557157,262.89868775439845,-298.87823910239996,22.5,5.794223785400391,26.737981262370347,6.447557209816632e-05,1.3240959828367495e-06,0.08536585365853659
llama-2-7b.Q3_K_L,HumanEval/117,78.16941499710083,1758.7838298082352,423.98060361202624,-218.545174836,22.5,5.794223785400391,26.98582440182815,0.00011951892256962725,1.5289729694671503e-06,0.08536585365853659
llama-2-7b.Q3_K_L,HumanEval/118,85.87478470802307,1932.1569496393204,468.5126915638957,18.245014596,22.5,5.794223785400391,28.773138718591937,0.00014718625336021827,1.7139635791886534e-06,0.08536585365853659
llama-2-7b.Q3_K_L,HumanEval/119,50.37495732307434,1133.4186655282974,272.6177978142105,-235.8961887168,22.5,5.794223785400391,27.861405240699586,7.12007604382181e-05,1.4134157966939747e-06,0.08536585365853659
llama-2-7b.Q3_K_L,HumanEval/120,42.002665519714355,945.0449967384338,224.4000328112552,-306.6372453096,22.5,5.794223785400391,31.447377394921872,5.250017598920673e-05,1.2499248640438133e-06,0.08536585365853659
llama-2-7b.Q3_K_L,HumanEval/121,21.25534415245056,478.23778688907623,113.55513724979211,-81.435065148,22.5,5.794223785400391,28.047009123800514,3.1054283357090746e-05,1.4610106114659381e-06,0.08536585365853659
llama-2-7b.Q3_K_L,HumanEval/122,60.72789931297302,1366.353583931923,332.5198250388139,6.3270050615999605,22.5,5.794223785400391,3.240621523560299,0.00010375812952639593,1.7085743241612601e-06,0.08536585365853659
llama-2-7b.Q3_K_L,HumanEval/123,28.05534863471985,631.2376356124877,152.8751129265429,-33.820027056000036,22.5,5.794223785400391,27.270884539577313,4.565385319972841e-05,1.6272780564640556e-06,0.08536585365853659
llama-2-7b.Q3_K_L,HumanEval/124,61.88594627380371,1392.40902364254,339.2086140687352,-7.899006319200022,22.5,5.794223785400391,3.952773279821882,0.00010488492704509117,1.6948101040750976e-06,0.08536585365853659
llama-2-7b.Q3_K_L,HumanEval/125,26.74184775352478,601.6828733682632,145.2608984271046,-68.16405453120001,22.5,5.794223785400391,28.976256069891907,4.1302425946074376e-05,1.5444866161363288e-06,0.08536585365853659
llama-2-7b.Q3_K_L,HumanEval/126,55.17927598953247,1241.515395641327,300.4803371694434,-108.04808643840003,22.5,5.794223785400391,27.778020103558,8.725292605022412e-05,1.5812626114698574e-06,0.08536585365853659
llama-2-7b.Q3_K_L,HumanEval/127,62.336289167404175,1402.5455528497696,341.79626444919995,9.73600778879997,22.5,5.794223785400391,3.8489518693440137,0.00010673222494970866,1.7122004914838473e-06,0.08536585365853659
llama-2-7b.Q3_K_L,HumanEval/128,24.705363512039185,555.8618223667145,133.51339339690097,-130.91310473040002,22.5,5.794223785400391,28.61991455520745,3.3981333557821926e-05,1.3754638154286805e-06,0.08536585365853659
llama-2-7b.Q3_K_L,HumanEval/129,56.006669998168945,1260.133327245712,305.13824599934014,-75.0070600056,22.5,5.794223785400391,27.84020336326563,9.067969789406715e-05,1.6190874747067054e-06,0.08536585365853659
llama-2-7b.Q3_K_L,HumanEval/130,76.48790311813354,1720.9574568271637,414.5702159883777,-325.405260324,22.5,5.794223785400391,21.52747764190673,0.00011014242911764156,1.4399980209619486e-06,0.08536585365853659
llama-2-7b.Q3_K_L,HumanEval/131,20.787935495376587,467.72030353546137,110.86098531662357,-89.85707188559999,22.5,5.794223785400391,28.227478566840123,2.9737918305322063e-05,1.4305373572058673e-06,0.08536585365853659
llama-2-7b.Q3_K_L,HumanEval/132,86.64048433303833,1949.3828201293945,473.18121407876697,-34.48902759119997,22.5,5.794223785400391,28.035214611995006,0.00014530972067346257,1.6771572988316283e-06,0.08536585365853659
llama-2-7b.Q3_K_L,HumanEval/133,46.664841651916504,1049.9434930086134,347.48859658255515,-328.5262628208,22.5,5.794223785400391,0.0,6.504084113098043e-05,1.3937868174103026e-06,0.08536585365853659
llama-2-7b.Q3_K_L,HumanEval/134,29.336482286453247,660.0632339715958,160.42292109554728,113.21209056959997,22.5,5.794223785400391,25.37246994919716,5.68137227226293e-05,1.93662355860792e-06,0.08536585365853659
llama-2-7b.Q3_K_L,HumanEval/135,26.36995530128479,593.3163768053055,143.2521117665565,-78.63706290960003,22.5,5.794223785400391,28.085299959603283,4.003384794044318e-05,1.5181613879524728e-06,0.08536585365853659
llama-2-7b.Q3_K_L,HumanEval/136,28.200412273406982,634.4998723268509,153.80506955403416,-13.439010751200035,22.5,5.794223785400391,27.500334721566823,4.714908522548636e-05,1.6719289338173257e-06,0.08536585365853659
llama-2-7b.Q3_K_L,HumanEval/137,87.13928413391113,1960.607628822327,475.93420751887334,-54.69504375599996,22.5,5.794223785400391,28.06729969701504,0.00014493074596004605,1.6632079021595358e-06,0.08536585365853659
llama-2-7b.Q3_K_L,HumanEval/138,22.15395951271057,498.45616579055786,118.7800555719905,-175.610140488,22.5,5.794223785400391,28.708758166007108,2.6872088303836783e-05,1.2129700015213642e-06,0.08536585365853659
llama-2-7b.Q3_K_L,HumanEval/139,32.99304485321045,742.3295295238494,181.4570440641719,9.189007351199994,22.5,5.794223785400391,3.7540416386034754,5.6769749980966454e-05,1.7206581033530275e-06,0.08536585365853659
llama-2-7b.Q3_K_L,HumanEval/140,34.006388664245605,765.1305913925171,187.51839342666153,-26.56002124799999,22.5,5.794223785400391,3.622501007098562,5.6350712704765946e-05,1.6570625378993333e-06,0.08536585365853659
llama-2-7b.Q3_K_L,HumanEval/141,77.95044541358948,1753.8593691587446,422.8669485907458,-324.31525945199996,22.5,5.794223785400391,27.687619252323895,0.00011271561098701118,1.4459905955503485e-06,0.08536585365853659
llama-2-7b.Q3_K_L,HumanEval/142,33.366079568862915,750.7237976789473,183.79652651415748,84.14006731200003,22.5,5.794223785400391,3.413570163998633,6.19835040945466e-05,1.8576801618728185e-06,0.08536585365853659
llama-2-7b.Q3_K_L,HumanEval/143,27.794060945510864,625.3576058149337,151.48747618883593,-44.497035597600046,22.5,5.794223785400391,27.579490385739536,4.456195461372518e-05,1.6032905267455193e-06,0.08536585365853659
llama-2-7b.Q3_K_L,HumanEval/144,54.118358850479126,1217.6479572057724,294.2585185050357,-124.96109996879997,22.5,5.794223785400391,28.128147694295368,8.439292927567059e-05,1.5594140522412282e-06,0.08536585365853659
llama-2-7b.Q3_K_L,HumanEval/145,24.476596117019653,550.7136869430542,132.13503171853517,-105.59208447359998,22.5,5.794223785400391,27.999703025708342,3.5124943746883794e-05,1.4350420123351986e-06,0.08536585365853659
llama-2-7b.Q3_K_L,HumanEval/146,28.89645791053772,650.1609420776366,157.73527026891134,-8.897007117600015,22.5,5.794223785400391,25.64953972944742,4.861754802861576e-05,1.682474308066883e-06,0.08536585365853659
llama-2-7b.Q3_K_L,HumanEval/147,27.65304732322693,622.1846491098404,150.55681640298826,-32.264025811199986,22.5,5.794223785400391,28.023778803989423,4.5056612388600235e-05,1.6293543298121556e-06,0.08536585365853659
llama-2-7b.Q3_K_L,HumanEval/148,76.66978621482849,1725.043512582779,511.1571654133131,-333.840267072,22.5,5.794223785400391,0.0,0.00011575493197059867,1.5097855059391156e-06,0.08536585365853659
llama-2-7b.Q3_K_L,HumanEval/149,39.87889742851257,897.2626876831055,211.819671934918,-214.4881715904,22.5,5.794223785400391,39.113476401996124,5.443431685278195e-05,1.3649905178637801e-06,0.08536585365853659
llama-2-7b.Q3_K_L,HumanEval/150,28.442451238632202,639.9459904432298,155.2569119713662,109.17508733999996,22.5,5.794223785400391,27.004038409850164,5.50296421638093e-05,1.9347714338019087e-06,0.08536585365853659
llama-2-7b.Q3_K_L,HumanEval/151,35.53483867645264,799.5230448246002,196.21016426170172,-7.86400629120002,22.5,5.794223785400391,3.623573234586549,6.010992013329875e-05,1.6915771218382068e-06,0.08536585365853659
llama-2-7b.Q3_K_L,HumanEval/152,40.0929114818573,902.0790714025496,213.25185078438244,-366.5782932624,22.5,5.794223785400391,37.6832303313078,4.55601415621682e-05,1.1363640074576502e-06,0.08536585365853659
llama-2-7b.Q3_K_L,HumanEval/153,52.101828813552856,1172.2715842723844,282.5885915962836,-52.98704238959999,22.5,5.794223785400391,28.38051925422287,8.53012543077751e-05,1.6372026903897533e-06,0.08536585365853659
llama-2-7b.Q3_K_L,HumanEval/154,88.54214406013489,1992.1692144870758,484.0867332558092,-9.310007447999968,22.5,5.794223785400391,26.190763443012813,0.00015010886362761536,1.6953380248581557e-06,0.08536585365853659
llama-2-7b.Q3_K_L,HumanEval/155,24.69974160194397,555.7359892129897,133.48123737124024,-112.07108965679997,22.5,5.794223785400391,27.957890128554656,3.511822020343453e-05,1.4218051657945517e-06,0.08536585365853659
llama-2-7b.Q3_K_L,HumanEval/156,46.65790390968323,1049.7869539260864,339.21683508126716,-323.84125907279997,22.5,5.794223785400391,0.0,6.481306879715382e-05,1.3891123125165238e-06,0.08536585365853659
llama-2-7b.Q3_K_L,HumanEval/157,16.662030935287476,374.8896342515945,180.84455721805534,-202.13416170719998,22.5,5.794223785400391,0.0,2.151587425543165e-05,1.2913116257553287e-06,0.08536585365853659
llama-2-7b.Q3_K_L,HumanEval/158,16.032813787460327,360.73553681373596,83.36197883163551,-205.4441643552,22.5,5.794223785400391,14.27943366384854,1.4521592377823867e-05,9.057419720786363e-07,0.08536585365853659
llama-2-7b.Q3_K_L,HumanEval/159,57.72237277030945,1298.7350839376447,315.0723194429638,103.91408313120006,22.5,5.794223785400391,27.792301582577505,0.00010452001244024203,1.8107365900593019e-06,0.08536585365853659
llama-2-7b.Q3_K_L,HumanEval/160,77.77122688293457,1749.8251605033875,421.7894530389703,-303.25724260559997,22.5,5.794223785400391,26.853296363368997,0.00011368591310439154,1.461799146817083e-06,0.08536585365853659
llama-2-7b.Q3_K_L,HumanEval/161,91.89032244682312,2067.49732196331,503.6705306398626,87.11406969119999,22.5,5.794223785400391,3.4746823755932423,0.000161751286090097,1.7602646479307152e-06,0.08536585365853659
llama-2-7b.Q3_K_L,HumanEval/162,50.038703203201294,1125.851231217384,270.76060877981485,-252.1192016952,22.5,5.794223785400391,28.83129951252693,6.964015163832439e-05,1.391725747878076e-06,0.08536585365853659
llama-2-7b.Q3_K_L,HumanEval/163,50.906564474105835,1145.378002524376,275.8427251718431,-190.65815252640004,22.5,5.794223785400391,27.699308779046362,7.487733993852063e-05,1.4708778860260308e-06,0.08536585365853659
